Wvl,Sample_4,Sample_5
350,0.013218446,0.170988147
351,0.013149383,0.171077404
352,0.013065169,0.170894294
353,0.012954349,0.170897648
354,0.012822369,0.170812071
355,0.01271336,0.170861468
356,0.012676652,0.171190609
357,0.012646167,0.171138506
358,0.012619018,0.171290795
359,0.012631355,0.171709632
360,0.012646776,0.171910943
361,0.012652396,0.172003115
362,0.012674511,0.172280716
363,0.012706485,0.172658059
364,0.012738571,0.173208682
365,0.012774534,0.173542774
366,0.012839067,0.173714918
367,0.012894251,0.174003788
368,0.012950525,0.174499974
369,0.012977789,0.17475766
370,0.012991582,0.174989534
371,0.013014764,0.175453822
372,0.01302966,0.175780522
373,0.013046326,0.176243519
374,0.013070657,0.176819057
375,0.013133923,0.177453684
376,0.013216442,0.178301108
377,0.013274279,0.17872329
378,0.013417271,0.179395926
379,0.013590764,0.180158542
380,0.013780201,0.180968344
381,0.014032207,0.181837299
382,0.01432581,0.18279593
383,0.014637899,0.18378897
384,0.014921894,0.184695695
385,0.015164998,0.185476443
386,0.015368102,0.186286108
387,0.015556445,0.18700483
388,0.015740995,0.187658161
389,0.015930322,0.188177162
390,0.016150803,0.188813057
391,0.016404664,0.189590917
392,0.0166613,0.190333667
393,0.017007247,0.191127495
394,0.017459908,0.19207689
395,0.017967606,0.193012231
396,0.018497626,0.193947845
397,0.019022323,0.194904448
398,0.019517962,0.195694879
399,0.020001788,0.196418248
400,0.020470162,0.197058109
401,0.020833575,0.197517268
402,0.021192532,0.197971718
403,0.021593081,0.198408259
404,0.021986183,0.198853803
405,0.022378464,0.199352495
406,0.022759454,0.19985394
407,0.023151773,0.200423756
408,0.023561655,0.201109423
409,0.023977268,0.201853724
410,0.024409683,0.202603153
411,0.024849275,0.203271935
412,0.025299704,0.203843627
413,0.025730573,0.204402798
414,0.026136794,0.204877666
415,0.026540383,0.205395416
416,0.026970536,0.206076882
417,0.027395515,0.20669266
418,0.027814957,0.207349784
419,0.028253155,0.208050902
420,0.028687575,0.208740642
421,0.029076069,0.209437097
422,0.029452974,0.21003867
423,0.029837051,0.210683062
424,0.030233942,0.211639261
425,0.0306022,0.212567622
426,0.030923825,0.213331445
427,0.031262949,0.214291641
428,0.031560164,0.21523866
429,0.031812178,0.216179674
430,0.03204243,0.217049183
431,0.032242803,0.21796342
432,0.032428572,0.219051511
433,0.032637118,0.220325723
434,0.032849293,0.221582273
435,0.033071385,0.22282289
436,0.03325615,0.22375618
437,0.033411889,0.224503566
438,0.033566665,0.225247154
439,0.033775837,0.226086746
440,0.034017997,0.226946296
441,0.034273609,0.227739752
442,0.034554336,0.228624099
443,0.034827372,0.229557641
444,0.035070716,0.230427934
445,0.035351724,0.231358836
446,0.035662661,0.232267551
447,0.035999926,0.233128386
448,0.036358404,0.234021332
449,0.036654052,0.234744516
450,0.036890092,0.235447811
451,0.037090328,0.236133671
452,0.037346311,0.236626904
453,0.037696402,0.236969674
454,0.037953983,0.237378404
455,0.038142885,0.237923437
456,0.038263563,0.238530756
457,0.038474479,0.239104161
458,0.038645331,0.239483258
459,0.038754448,0.239740142
460,0.038892551,0.240096781
461,0.039038037,0.240378047
462,0.039217341,0.240773758
463,0.039307619,0.241107
464,0.039381099,0.241349153
465,0.039506997,0.241722896
466,0.039670761,0.241979705
467,0.039808592,0.242222193
468,0.039909996,0.242570952
469,0.040014079,0.242917429
470,0.04008479,0.243019586
471,0.040200197,0.243270185
472,0.040460261,0.243651867
473,0.040649749,0.24401336
474,0.040735215,0.244519688
475,0.040920453,0.245021578
476,0.041082078,0.24511107
477,0.041241551,0.24512947
478,0.041371666,0.24523341
479,0.041520845,0.245484943
480,0.041733958,0.246117845
481,0.041959944,0.246976662
482,0.042128648,0.247643415
483,0.042294531,0.248326301
484,0.042524842,0.248851997
485,0.042727728,0.24933987
486,0.042966422,0.250060361
487,0.043278586,0.250743651
488,0.043567485,0.25135516
489,0.043869382,0.252208969
490,0.044125005,0.253136639
491,0.044443422,0.253815906
492,0.044839638,0.254637974
493,0.045160319,0.255466408
494,0.045496841,0.256198538
495,0.045856361,0.256961122
496,0.046228304,0.257806913
497,0.046645538,0.258741084
498,0.047112653,0.259746622
499,0.047582708,0.260546973
500,0.047990253,0.261367793
501,0.048480535,0.26226532
502,0.049113271,0.263022833
503,0.049668841,0.263900823
504,0.050318221,0.265011259
505,0.051057928,0.265986129
506,0.051747766,0.26679391
507,0.052453193,0.267740137
508,0.053206246,0.268883708
509,0.054042558,0.269754422
510,0.054887402,0.270633053
511,0.055784451,0.271741914
512,0.056771019,0.272801223
513,0.057766523,0.273753448
514,0.058777106,0.274746428
515,0.059733037,0.275583393
516,0.060923192,0.27677498
517,0.062239825,0.277987232
518,0.063460984,0.27899349
519,0.064686072,0.279904101
520,0.066009611,0.281196281
521,0.067313775,0.28228821
522,0.068611129,0.28342273
523,0.06996206,0.284901708
524,0.071173434,0.285962075
525,0.072311344,0.287000112
526,0.073488025,0.288254795
527,0.074620458,0.289359063
528,0.075742568,0.290389603
529,0.076952203,0.291977382
530,0.077964777,0.293109424
531,0.07893529,0.294597137
532,0.079769526,0.295833214
533,0.080483604,0.296817119
534,0.081261283,0.298176174
535,0.081948317,0.299525161
536,0.082564407,0.300892426
537,0.083103584,0.302225683
538,0.08365587,0.303642823
539,0.084092018,0.304746345
540,0.08459456,0.306248225
541,0.08501516,0.307339096
542,0.085438884,0.30846501
543,0.085933346,0.30995892
544,0.086366791,0.311587034
545,0.08669516,0.312923263
546,0.087103862,0.314543397
547,0.087554975,0.316200526
548,0.087847651,0.317428446
549,0.08822091,0.318998589
550,0.088671564,0.32067351
551,0.088877263,0.321821306
552,0.089162171,0.323416812
553,0.089432348,0.32492117
554,0.089587999,0.326349416
555,0.089704429,0.327719585
556,0.089772542,0.32896542
557,0.08971348,0.330134095
558,0.089729818,0.331784033
559,0.089688331,0.333468936
560,0.08943987,0.334865551
561,0.089158892,0.336179671
562,0.088877771,0.337579534
563,0.088525958,0.338909483
564,0.088050681,0.340095669
565,0.087543532,0.341239119
566,0.087015924,0.342265113
567,0.086443028,0.343391411
568,0.085875982,0.344792873
569,0.085185569,0.345792772
570,0.084721579,0.347202683
571,0.083978479,0.347918271
572,0.083272834,0.348912582
573,0.082788903,0.350280356
574,0.082148332,0.351021704
575,0.081557557,0.351863819
576,0.081021075,0.352709682
577,0.080519485,0.353591425
578,0.080099815,0.35465902
579,0.079709051,0.355665286
580,0.079275304,0.356328612
581,0.07888192,0.357090083
582,0.078521421,0.357752576
583,0.078251964,0.358296258
584,0.077921696,0.358897601
585,0.077679518,0.35981542
586,0.077439707,0.360412576
587,0.077322282,0.361194174
588,0.077106555,0.361765583
589,0.076732091,0.361835357
590,0.076581697,0.362445376
591,0.076510501,0.3633908
592,0.0762907,0.363641834
593,0.076192427,0.364498037
594,0.076044335,0.364966284
595,0.075914916,0.365277125
596,0.075931864,0.36605048
597,0.075857745,0.366568256
598,0.075838675,0.366990908
599,0.075875521,0.367553775
600,0.075738246,0.36765964
601,0.075602892,0.367684419
602,0.075485015,0.367938698
603,0.075337894,0.368218385
604,0.075337348,0.368693038
605,0.075134367,0.368827921
606,0.074887514,0.369076622
607,0.074698366,0.369066522
608,0.074521359,0.369306609
609,0.074405365,0.369844299
610,0.074205328,0.369844902
611,0.073892601,0.369850499
612,0.073621886,0.370037433
613,0.073374467,0.370180679
614,0.073121627,0.370361959
615,0.072886865,0.370674649
616,0.072600014,0.370509796
617,0.072442811,0.370581714
618,0.072258099,0.370845188
619,0.072030015,0.370733856
620,0.071927052,0.371055131
621,0.071766815,0.371162554
622,0.071643266,0.370892805
623,0.071614319,0.371217956
624,0.07147527,0.371600921
625,0.071428027,0.371039958
626,0.071524146,0.371416592
627,0.071557516,0.371743841
628,0.07154297,0.371778776
629,0.071552601,0.371914623
630,0.071546138,0.371973057
631,0.071556421,0.372189043
632,0.071491249,0.372307154
633,0.071448403,0.372746124
634,0.071338129,0.373089293
635,0.071140398,0.37332431
636,0.070823662,0.373396584
637,0.070479915,0.373653081
638,0.070130552,0.374101826
639,0.069714967,0.374350105
640,0.069162127,0.374341666
641,0.068622728,0.37458725
642,0.068107897,0.374869313
643,0.067476387,0.375218881
644,0.066917095,0.375686944
645,0.066406451,0.375957869
646,0.065919829,0.37628333
647,0.06534376,0.376093488
648,0.064960429,0.376477982
649,0.064671832,0.376706987
650,0.06430112,0.376859055
651,0.064099774,0.377152587
652,0.063889864,0.376946674
653,0.063768254,0.377315733
654,0.063649917,0.377507715
655,0.063466101,0.377309481
656,0.063272059,0.377175591
657,0.062989855,0.376720512
658,0.062693586,0.376484588
659,0.062375805,0.376551591
660,0.061954747,0.376225291
661,0.061729868,0.376202235
662,0.061401948,0.375924405
663,0.061075988,0.375829016
664,0.060725489,0.375488081
665,0.060338341,0.375135336
666,0.060062792,0.374979123
667,0.059802795,0.374733181
668,0.059512479,0.374634737
669,0.05929116,0.374452534
670,0.059076404,0.374092341
671,0.058962755,0.374046725
672,0.058947045,0.373933311
673,0.058902715,0.37365179
674,0.059008578,0.374080523
675,0.059124793,0.374332162
676,0.059245067,0.374679372
677,0.059391558,0.374652237
678,0.059635803,0.375072984
679,0.059858599,0.375318255
680,0.060184688,0.375886239
681,0.060705072,0.376624916
682,0.06133851,0.377327305
683,0.062048137,0.37813649
684,0.062841671,0.379170605
685,0.063874973,0.380265488
686,0.065207369,0.381413329
687,0.066776277,0.382174218
688,0.06842325,0.383156162
689,0.070380022,0.384411887
690,0.07264865,0.386128091
691,0.075099209,0.388077364
692,0.077602198,0.389606586
693,0.080684143,0.391269021
694,0.084130442,0.392725582
695,0.087643038,0.394221952
696,0.091633517,0.395644028
697,0.095815745,0.397363919
698,0.100134323,0.398967675
699,0.104697595,0.400348648
700,0.109678201,0.401519765
701,0.114985726,0.402898653
702,0.120291029,0.404266756
703,0.125309435,0.405333757
704,0.130764141,0.406862577
705,0.136215307,0.408065026
706,0.141715479,0.409048244
707,0.147405559,0.410167797
708,0.152559075,0.411002357
709,0.15811599,0.411958501
710,0.164008402,0.413042271
711,0.169800304,0.413874391
712,0.175670587,0.414626011
713,0.181262483,0.415400683
714,0.186876686,0.416489187
715,0.192823993,0.417754352
716,0.198822224,0.419054896
717,0.205094946,0.419394213
718,0.211981811,0.419442599
719,0.219266013,0.41997138
720,0.226244689,0.420541649
721,0.23255518,0.421731447
722,0.238222762,0.423208579
723,0.243616608,0.424249026
724,0.249628603,0.424303666
725,0.255784586,0.425207907
726,0.262016716,0.426010958
727,0.268111186,0.426434088
728,0.274046176,0.427337033
729,0.27949097,0.427944976
730,0.285119844,0.428892331
731,0.290517448,0.429740314
732,0.295419764,0.430417328
733,0.300048548,0.431420188
734,0.304794297,0.432548278
735,0.309023736,0.433102523
736,0.313107463,0.433816937
737,0.317061888,0.434538836
738,0.321054692,0.43527811
739,0.324756214,0.435934665
740,0.328440978,0.436990631
741,0.331592631,0.437625657
742,0.33457351,0.438328512
743,0.337685432,0.439103379
744,0.340709349,0.439775952
745,0.343228946,0.440100968
746,0.345678431,0.440577632
747,0.34822689,0.441554645
748,0.350398608,0.442211741
749,0.352572835,0.44306158
750,0.354317259,0.443840741
751,0.356065847,0.444461424
752,0.357977372,0.445261592
753,0.359813094,0.446124351
754,0.361433673,0.447012313
755,0.362571975,0.447634962
756,0.363928298,0.448460751
757,0.365734444,0.449878703
758,0.367857351,0.451645393
759,0.369839006,0.452893473
760,0.370846109,0.452029404
761,0.372028761,0.450977878
762,0.372627206,0.450590879
763,0.372753607,0.451299136
764,0.373568878,0.452273785
765,0.373355039,0.452688863
766,0.373732392,0.453645139
767,0.374323208,0.454663366
768,0.375252646,0.455962487
769,0.375736341,0.456290082
770,0.376358838,0.456841975
771,0.377100521,0.457481842
772,0.377832365,0.458169476
773,0.378344113,0.458758199
774,0.378716057,0.458846715
775,0.379099822,0.459353924
776,0.379805875,0.460282429
777,0.380354376,0.460943175
778,0.380829114,0.461552211
779,0.381385284,0.46197002
780,0.381935154,0.462306808
781,0.382507047,0.462925664
782,0.383007622,0.463591433
783,0.383213519,0.463621122
784,0.383662178,0.463902541
785,0.384045373,0.464616705
786,0.384487475,0.465107197
787,0.385287598,0.465818458
788,0.385859452,0.466743182
789,0.386198339,0.467072336
790,0.386434585,0.467482604
791,0.387020172,0.468212949
792,0.387272607,0.468393862
793,0.387657058,0.468718466
794,0.388033552,0.469132705
795,0.388360859,0.469572095
796,0.388832096,0.470137014
797,0.389579871,0.470854057
798,0.389969759,0.471106091
799,0.390135688,0.471598435
800,0.39093141,0.472257469
801,0.391154329,0.472527556
802,0.391595378,0.472868607
803,0.392158004,0.473267821
804,0.392571083,0.473947417
805,0.392782505,0.473682493
806,0.392922806,0.473963756
807,0.393745857,0.474790742
808,0.39433725,0.47555026
809,0.39427275,0.475937021
810,0.394987316,0.4763382
811,0.39523669,0.477566443
812,0.395836951,0.478297714
813,0.396458631,0.478625181
814,0.397183873,0.479257317
815,0.39738379,0.479552133
816,0.397752803,0.479547617
817,0.397543305,0.479437746
818,0.397627388,0.479907968
819,0.398105285,0.480475592
820,0.398840362,0.481118307
821,0.399959265,0.482611881
822,0.400238903,0.483407821
823,0.400003892,0.482689181
824,0.400422444,0.482787633
825,0.400881885,0.483563654
826,0.401783911,0.485328314
827,0.402197798,0.486191386
828,0.402248187,0.485724244
829,0.402669323,0.486349899
830,0.403482778,0.487023386
831,0.403887666,0.487399897
832,0.403815316,0.487399457
833,0.404094135,0.487725247
834,0.404581547,0.488203525
835,0.404900222,0.488993925
836,0.405812699,0.490356914
837,0.406352786,0.490715015
838,0.40654464,0.4908031
839,0.406662001,0.491043275
840,0.407227166,0.491603082
841,0.407491287,0.49208732
842,0.40770563,0.492445381
843,0.407955044,0.493088077
844,0.408585005,0.493342559
845,0.408818159,0.49326346
846,0.409758537,0.494530741
847,0.410788238,0.495834969
848,0.410254134,0.495651511
849,0.410486272,0.495805453
850,0.410383293,0.496284364
851,0.410595746,0.496433472
852,0.411115559,0.496662804
853,0.411143898,0.496729187
854,0.411592944,0.497409307
855,0.412400385,0.497772675
856,0.412378082,0.498655228
857,0.411749935,0.498089942
858,0.412210659,0.49841991
859,0.413606893,0.500020279
860,0.414382315,0.501155174
861,0.413942136,0.500731244
862,0.415122109,0.501830976
863,0.415370372,0.501813055
864,0.415828218,0.502224939
865,0.41435889,0.501501335
866,0.41479654,0.501500705
867,0.415326896,0.501616297
868,0.416420214,0.503159668
869,0.417226359,0.504445371
870,0.416539243,0.503590887
871,0.416585284,0.503746007
872,0.417425171,0.504612733
873,0.416816736,0.503862335
874,0.418218435,0.506054559
875,0.418906939,0.507207024
876,0.419250273,0.508073089
877,0.419328024,0.508135891
878,0.420122514,0.508665271
879,0.419649404,0.508199794
880,0.420863434,0.509727817
881,0.421510474,0.509408896
882,0.42090937,0.509800021
883,0.421534404,0.510430918
884,0.421590459,0.51078024
885,0.422255172,0.511424162
886,0.423248991,0.512475607
887,0.423013779,0.512771799
888,0.42266964,0.512751473
889,0.423152554,0.513028114
890,0.422038767,0.51203597
891,0.422697095,0.512872408
892,0.423908164,0.513992106
893,0.424581434,0.514969571
894,0.424362303,0.51513359
895,0.424623759,0.515319572
896,0.423428239,0.51483302
897,0.42355311,0.515357513
898,0.424518177,0.515999066
899,0.423607679,0.515003801
900,0.424114065,0.516037225
901,0.424094864,0.515903253
902,0.424167557,0.515880713
903,0.424789898,0.515982455
904,0.426637349,0.519480134
905,0.427361383,0.520609173
906,0.42774597,0.519956898
907,0.427525371,0.518612773
908,0.427017572,0.520181604
909,0.426940067,0.520013132
910,0.427604475,0.520119458
911,0.428425496,0.52054565
912,0.428134403,0.521091538
913,0.426718015,0.520109374
914,0.426877063,0.519836461
915,0.428064258,0.521145536
916,0.428404454,0.522206145
917,0.428150127,0.522209524
918,0.427963756,0.521038246
919,0.428380641,0.52112926
920,0.4286671,0.522792002
921,0.430471899,0.523769389
922,0.428912492,0.524923384
923,0.430216958,0.525890569
924,0.43075005,0.526038093
925,0.430591865,0.524889497
926,0.429494218,0.525423224
927,0.430432514,0.528594948
928,0.431685421,0.529581003
929,0.429876209,0.530223914
930,0.425215714,0.528887657
931,0.422622782,0.523394656
932,0.420737181,0.525832179
933,0.411759752,0.524489104
934,0.41274883,0.51725403
935,0.416672516,0.512083421
936,0.411874414,0.510073089
937,0.41733285,0.517222347
938,0.421979358,0.516698207
939,0.424789781,0.525713462
940,0.425046522,0.529358247
941,0.424351517,0.527217743
942,0.424764474,0.526642892
943,0.421372769,0.527930966
944,0.42221539,0.528500374
945,0.416420145,0.527370551
946,0.413954298,0.521886889
947,0.423647897,0.528661298
948,0.425278977,0.529787241
949,0.419864852,0.529745159
950,0.418812063,0.531884939
951,0.417970068,0.525576335
952,0.416088217,0.521945673
953,0.418865083,0.52933744
954,0.419508384,0.534056484
955,0.423954873,0.529140441
956,0.416739822,0.526362559
957,0.418614318,0.528390785
958,0.418446081,0.525288826
959,0.417730538,0.532329325
960,0.421822189,0.531475009
961,0.41556442,0.52802161
962,0.4161314,0.522338459
963,0.41639801,0.528529976
964,0.416138751,0.529508313
965,0.418380128,0.527339673
966,0.419687218,0.529697095
967,0.421216983,0.531223005
968,0.421449981,0.533575622
969,0.421740538,0.535258992
970,0.422524192,0.534278169
971,0.421014652,0.534436167
972,0.42268075,0.535404119
973,0.421811535,0.530355305
974,0.416740901,0.53470371
975,0.41794358,0.530255063
976,0.41994739,0.538944243
977,0.42149079,0.532820664
978,0.419148625,0.535141293
979,0.421865515,0.531553955
980,0.420511739,0.534270162
981,0.421006241,0.534631989
982,0.421309177,0.53425027
983,0.42258844,0.53458091
984,0.423259189,0.534168513
985,0.4240437,0.533923592
986,0.424985318,0.533895673
987,0.426171537,0.534189659
988,0.427043518,0.534101274
989,0.428376745,0.534598239
990,0.429221851,0.534492077
991,0.430400907,0.534805835
992,0.431698832,0.535268186
993,0.432636507,0.535283332
994,0.434262728,0.536147236
995,0.435222207,0.536183017
996,0.435880686,0.536705515
997,0.436413332,0.537167501
998,0.436813697,0.537466191
999,0.437385568,0.537976547
1000,0.437876653,0.538385279
1001,0.438211512,0.538596247
1002,0.439029224,0.53939116
1003,0.439362616,0.539581061
1004,0.439525485,0.539557197
1005,0.440271876,0.540251448
1006,0.440988865,0.540912429
1007,0.441115886,0.540848544
1008,0.441579988,0.541204206
1009,0.441886553,0.541380442
1010,0.44254292,0.542012566
1011,0.442676671,0.542032948
1012,0.443230739,0.542567187
1013,0.443855452,0.543156615
1014,0.444349558,0.543534541
1015,0.444716465,0.543720421
1016,0.445710008,0.544652443
1017,0.445971666,0.544686594
1018,0.446629311,0.545204295
1019,0.446678334,0.544970064
1020,0.447294969,0.545425395
1021,0.447538521,0.545428891
1022,0.447929145,0.545611745
1023,0.448212897,0.545661252
1024,0.448960643,0.546285025
1025,0.449522342,0.546704693
1026,0.449863591,0.546876838
1027,0.450077369,0.546909818
1028,0.450634495,0.547384145
1029,0.451052404,0.547721697
1030,0.451527924,0.548187825
1031,0.451947884,0.54863227
1032,0.452363606,0.549066886
1033,0.452460609,0.549059517
1034,0.4529808,0.54948302
1035,0.453257442,0.549565239
1036,0.453728166,0.54988504
1037,0.454374079,0.550467041
1038,0.454703596,0.550726066
1039,0.4548541,0.550802573
1040,0.455400868,0.551374876
1041,0.455679269,0.55162084
1042,0.455803671,0.551696593
1043,0.456171076,0.552076582
1044,0.456733945,0.552677659
1045,0.456892782,0.552748172
1046,0.457312435,0.553063699
1047,0.457909182,0.553559097
1048,0.458497487,0.554066313
1049,0.458755566,0.554251803
1050,0.458921885,0.554412346
1051,0.459478019,0.555089712
1052,0.459691959,0.555358438
1053,0.459848759,0.555523023
1054,0.460353573,0.556074169
1055,0.460611195,0.556315364
1056,0.460777275,0.556453588
1057,0.460959813,0.556637753
1058,0.461336938,0.557086301
1059,0.46139533,0.557162064
1060,0.462020801,0.557916109
1061,0.462288442,0.558212749
1062,0.462637732,0.558579061
1063,0.462947165,0.558886831
1064,0.463364202,0.559334308
1065,0.463431926,0.559387263
1066,0.463855431,0.559889088
1067,0.46391623,0.559966629
1068,0.464158257,0.560272387
1069,0.464092027,0.560208674
1070,0.46435939,0.560540013
1071,0.464344388,0.560544975
1072,0.464980749,0.561377695
1073,0.464962328,0.561481982
1074,0.465241997,0.561996006
1075,0.465272431,0.562255
1076,0.465250048,0.562494373
1077,0.465217345,0.562792209
1078,0.465398557,0.563453484
1079,0.465139916,0.563591357
1080,0.465013518,0.563793653
1081,0.465246279,0.564245809
1082,0.46556555,0.564651553
1083,0.465806291,0.564893795
1084,0.466273566,0.565427451
1085,0.466652082,0.565910809
1086,0.466843125,0.566173811
1087,0.46703124,0.566446712
1088,0.467305794,0.566847487
1089,0.467385865,0.567042611
1090,0.468032908,0.567953377
1091,0.468102274,0.568187559
1092,0.468146668,0.568412123
1093,0.468625226,0.569190876
1094,0.468646783,0.569446772
1095,0.468606489,0.569644821
1096,0.469138425,0.570539437
1097,0.469057574,0.570695088
1098,0.469349391,0.571316588
1099,0.469650982,0.571945035
1100,0.469646292,0.572176255
1101,0.469682706,0.572398894
1102,0.470175147,0.573142926
1103,0.470486649,0.573692256
1104,0.470547254,0.57403082
1105,0.470839593,0.57481872
1106,0.471184103,0.57579806
1107,0.471097467,0.576289758
1108,0.471616713,0.577454255
1109,0.471840301,0.578167679
1110,0.47212296,0.578928421
1111,0.472370308,0.579680296
1112,0.472252841,0.58008771
1113,0.471763995,0.580169053
1114,0.471345661,0.580451279
1115,0.470401254,0.580160802
1116,0.469738481,0.580219102
1117,0.46894777,0.580104265
1118,0.468121208,0.579913065
1119,0.467428527,0.579828328
1120,0.466898442,0.579840167
1121,0.466117559,0.579238824
1122,0.465678316,0.578877213
1123,0.464983552,0.578251269
1124,0.464301267,0.577898787
1125,0.463617835,0.577610955
1126,0.463109929,0.577657404
1127,0.462113778,0.577324826
1128,0.461332584,0.577575896
1129,0.460170574,0.577575861
1130,0.459026299,0.577730913
1131,0.458043358,0.578154737
1132,0.457071442,0.578648997
1133,0.456153021,0.579280189
1134,0.455334296,0.579995563
1135,0.454498445,0.580595874
1136,0.454034328,0.581597517
1137,0.453705697,0.582781984
1138,0.453399832,0.584064609
1139,0.452407383,0.584570432
1140,0.45140827,0.585231488
1141,0.449995602,0.585563039
1142,0.448131415,0.585432961
1143,0.446130059,0.585066365
1144,0.444252285,0.584605073
1145,0.442180483,0.583676568
1146,0.440338015,0.582951275
1147,0.438817616,0.582657459
1148,0.437367967,0.582427508
1149,0.435942633,0.582099136
1150,0.434902174,0.582123719
1151,0.434065918,0.582248712
1152,0.433491531,0.582539275
1153,0.432956735,0.582724373
1154,0.432689987,0.583160954
1155,0.432539518,0.583689826
1156,0.432293765,0.583972032
1157,0.431744332,0.583775994
1158,0.431619235,0.584185827
1159,0.431381152,0.584564116
1160,0.431217811,0.585219292
1161,0.431029089,0.585886513
1162,0.430899962,0.58653927
1163,0.430867707,0.587116296
1164,0.430895955,0.587612792
1165,0.430968309,0.588088455
1166,0.431111141,0.588641342
1167,0.431056709,0.588956786
1168,0.431251172,0.589634382
1169,0.431042211,0.589753345
1170,0.430992092,0.590056755
1171,0.431000669,0.590396436
1172,0.431138552,0.590896379
1173,0.431301405,0.591398704
1174,0.431474509,0.591861572
1175,0.431537813,0.592077828
1176,0.431781111,0.592430468
1177,0.431959535,0.592691874
1178,0.431952021,0.592809658
1179,0.43187761,0.593014406
1180,0.431692593,0.593183692
1181,0.43133727,0.593164473
1182,0.431144028,0.59334209
1183,0.431017319,0.59357802
1184,0.430889021,0.593807452
1185,0.430672973,0.59389558
1186,0.430672139,0.594247179
1187,0.430783362,0.594728199
1188,0.430881489,0.595167534
1189,0.43108698,0.595721356
1190,0.431176479,0.596071997
1191,0.431263268,0.596366779
1192,0.431349862,0.596625103
1193,0.431623602,0.597128292
1194,0.431440796,0.597008169
1195,0.43146049,0.597188024
1196,0.431349191,0.597181896
1197,0.431231915,0.597131063
1198,0.431097713,0.59698927
1199,0.431370867,0.597338598
1200,0.431570365,0.597543447
1201,0.431743953,0.597702613
1202,0.43203858,0.598041253
1203,0.432135053,0.598089688
1204,0.432323379,0.598267423
1205,0.432753533,0.598808903
1206,0.43290738,0.599044192
1207,0.432891796,0.599156901
1208,0.433063383,0.599512756
1209,0.433085418,0.599506926
1210,0.433505119,0.599794793
1211,0.434006235,0.600006521
1212,0.434663505,0.60035717
1213,0.435380922,0.600820844
1214,0.435892086,0.601071664
1215,0.436487174,0.601451702
1216,0.437086493,0.601835243
1217,0.43774405,0.602280719
1218,0.438226262,0.602457456
1219,0.438952808,0.602951177
1220,0.439452488,0.603126937
1221,0.439827488,0.60313941
1222,0.440432668,0.603468886
1223,0.44103915,0.603801554
1224,0.441555404,0.604026566
1225,0.442249134,0.604524904
1226,0.44277285,0.604837389
1227,0.443204363,0.605044658
1228,0.443706282,0.605332655
1229,0.444308568,0.605708027
1230,0.444917664,0.606045591
1231,0.445419673,0.606210911
1232,0.445703851,0.60607268
1233,0.446015874,0.605977455
1234,0.44662216,0.606264988
1235,0.447193698,0.606506095
1236,0.447582958,0.606526809
1237,0.448235311,0.606954843
1238,0.448888874,0.607427994
1239,0.449447739,0.607787192
1240,0.449861492,0.607934336
1241,0.450360979,0.608146133
1242,0.450816218,0.608254634
1243,0.45130122,0.608418857
1244,0.451751991,0.608612652
1245,0.452065276,0.608740431
1246,0.45238808,0.608966746
1247,0.452735617,0.609256867
1248,0.453031341,0.609452548
1249,0.453643549,0.610043412
1250,0.453925665,0.61018322
1251,0.454150826,0.610244894
1252,0.454454956,0.610415653
1253,0.454852482,0.610696536
1254,0.455102666,0.610776635
1255,0.455367067,0.610902819
1256,0.455622208,0.611074755
1257,0.455553516,0.610878583
1258,0.455627313,0.610909536
1259,0.455891343,0.61119779
1260,0.455841635,0.611033105
1261,0.455798815,0.610841494
1262,0.45584847,0.610778634
1263,0.45575413,0.610573344
1264,0.455580979,0.610357213
1265,0.455308692,0.61009289
1266,0.454933056,0.609720644
1267,0.454775556,0.609616537
1268,0.454668547,0.60952433
1269,0.454659401,0.60953599
1270,0.454783102,0.609715722
1271,0.454891957,0.609881793
1272,0.454876013,0.609894696
1273,0.454901517,0.609968024
1274,0.454940705,0.610054557
1275,0.455011657,0.61016819
1276,0.455164005,0.610359689
1277,0.455204957,0.610385236
1278,0.455265715,0.610450826
1279,0.455435338,0.610703966
1280,0.455687895,0.611110106
1281,0.455865614,0.611441133
1282,0.456165219,0.611946913
1283,0.456370595,0.612327107
1284,0.456394905,0.612481403
1285,0.456487218,0.612732331
1286,0.456525564,0.612896637
1287,0.456577583,0.61303046
1288,0.456745775,0.613242945
1289,0.456803579,0.613319553
1290,0.456934867,0.61360939
1291,0.456778647,0.613716644
1292,0.456490552,0.613820845
1293,0.456323189,0.614183507
1294,0.456159672,0.614566732
1295,0.45575746,0.614635854
1296,0.455470581,0.614914733
1297,0.455114418,0.615100209
1298,0.45464681,0.615074939
1299,0.454277058,0.615073592
1300,0.453971278,0.61510016
1301,0.45368719,0.615178955
1302,0.453197677,0.615086786
1303,0.452692523,0.615077439
1304,0.452177377,0.615135767
1305,0.451547059,0.61512249
1306,0.450969418,0.615272736
1307,0.450246751,0.615343942
1308,0.449302544,0.61521079
1309,0.44838695,0.615178881
1310,0.44742004,0.615109085
1311,0.446235364,0.614795974
1312,0.445323703,0.614907039
1313,0.444282667,0.614875347
1314,0.443089451,0.614664182
1315,0.442077202,0.614740069
1316,0.440993691,0.614746403
1317,0.439849504,0.614703333
1318,0.439064159,0.615244687
1319,0.438093838,0.615623226
1320,0.437143037,0.616062171
1321,0.436138691,0.616395141
1322,0.434871457,0.616343293
1323,0.433425947,0.616087059
1324,0.432101936,0.616061884
1325,0.430561159,0.615757684
1326,0.428783344,0.615083949
1327,0.426848589,0.61420904
1328,0.424829423,0.613311328
1329,0.422738339,0.612456251
1330,0.421010626,0.612201442
1331,0.419412229,0.612127411
1332,0.417936054,0.61220268
1333,0.416541435,0.612436597
1334,0.415202304,0.61287532
1335,0.413892576,0.613334237
1336,0.412778388,0.613905959
1337,0.411828841,0.614469328
1338,0.410959602,0.615029325
1339,0.410044755,0.61546946
1340,0.409077915,0.615812153
1341,0.408080278,0.61602613
1342,0.407264735,0.616427556
1343,0.406158829,0.616377462
1344,0.404626127,0.615710108
1345,0.40276134,0.614276261
1346,0.400428147,0.61181723
1347,0.397451289,0.608291104
1348,0.394404031,0.604871782
1349,0.391224763,0.600957898
1350,0.38803278,0.596846732
1351,0.384386362,0.592437387
1352,0.379998416,0.588001575
1353,0.37536718,0.584166558
1354,0.370652853,0.581001796
1355,0.364941924,0.57693255
1356,0.358215624,0.571605088
1357,0.351081964,0.565779915
1358,0.343292591,0.559778621
1359,0.334425397,0.553892063
1360,0.324202537,0.548773159
1361,0.312957806,0.543978406
1362,0.301994626,0.539640197
1363,0.292031218,0.534997212
1364,0.28305872,0.529947321
1365,0.275265875,0.525240335
1366,0.268530159,0.520679308
1367,0.262676439,0.515969548
1368,0.258193747,0.511382041
1369,0.254669508,0.506837738
1370,0.251829631,0.502909597
1371,0.249387985,0.499976938
1372,0.247469846,0.497877258
1373,0.246336206,0.496557867
1374,0.246734077,0.496965768
1375,0.249696798,0.500156565
1376,0.255046412,0.505684606
1377,0.261084651,0.512167059
1378,0.266026923,0.518234266
1379,0.268995996,0.523054597
1380,0.271112053,0.527791284
1381,0.272439596,0.531931522
1382,0.273003528,0.534907187
1383,0.271260453,0.535698234
1384,0.268437417,0.535382843
1385,0.266739712,0.534734398
1386,0.269164214,0.535706804
1387,0.276340497,0.537986409
1388,0.285912726,0.540746262
1389,0.295057368,0.543155391
1390,0.301672758,0.54475439
1391,0.306830758,0.545203337
1392,0.31129553,0.545992169
1393,0.315173697,0.547999092
1394,0.318236608,0.552259449
1395,0.32013469,0.558003759
1396,0.321925013,0.564541139
1397,0.324047589,0.569894086
1398,0.327003967,0.574964002
1399,0.330068086,0.579389273
1400,0.333134295,0.582576666
1401,0.336018193,0.583559379
1402,0.339788925,0.581551782
1403,0.34304716,0.577457516
1404,0.344900248,0.574780418
1405,0.343792943,0.575496995
1406,0.340077497,0.57973533
1407,0.334715354,0.584816534
1408,0.328748229,0.588241315
1409,0.322126117,0.588353051
1410,0.314367902,0.586729198
1411,0.306566894,0.583484788
1412,0.29961383,0.578202128
1413,0.294859757,0.569933058
1414,0.291507747,0.559926053
1415,0.287442562,0.551022992
1416,0.281691869,0.547256654
1417,0.274173959,0.548837635
1418,0.266241379,0.553036339
1419,0.2585893,0.556609805
1420,0.252029123,0.558054497
1421,0.245726192,0.557515282
1422,0.240330401,0.556782022
1423,0.235789317,0.555679375
1424,0.231897058,0.553983582
1425,0.228144049,0.551041906
1426,0.225311847,0.549205758
1427,0.222979207,0.547855654
1428,0.221663964,0.548623255
1429,0.221012389,0.550640778
1430,0.220509768,0.55230084
1431,0.220054009,0.552882148
1432,0.220280242,0.55249682
1433,0.22045745,0.550912417
1434,0.220311042,0.550247557
1435,0.218494259,0.549673968
1436,0.215495228,0.550198554
1437,0.212048138,0.55101658
1438,0.208940938,0.551615192
1439,0.206648846,0.551373539
1440,0.205248264,0.551344263
1441,0.203887802,0.550757581
1442,0.202300288,0.550089116
1443,0.200391669,0.549034726
1444,0.198514142,0.54794239
1445,0.196325536,0.546504313
1446,0.193985809,0.545564016
1447,0.190748129,0.543500773
1448,0.187462133,0.541395705
1449,0.18483002,0.539751223
1450,0.183540171,0.539771928
1451,0.182839137,0.540023762
1452,0.182537178,0.540563636
1453,0.182522543,0.541435295
1454,0.182612487,0.542373746
1455,0.182773501,0.54326613
1456,0.183249453,0.544742062
1457,0.18363099,0.545480736
1458,0.184258445,0.546430563
1459,0.184760001,0.546504329
1460,0.185592062,0.547013751
1461,0.186450705,0.547046318
1462,0.187888549,0.547784079
1463,0.189298809,0.547576959
1464,0.19075909,0.54745056
1465,0.191846838,0.54712101
1466,0.192467979,0.54610049
1467,0.192691871,0.544682652
1468,0.193001169,0.544472167
1469,0.192784042,0.544167017
1470,0.1924112,0.544916985
1471,0.191932402,0.545543567
1472,0.19185963,0.546290059
1473,0.192240802,0.547037311
1474,0.192971473,0.548161035
1475,0.193689098,0.548521937
1476,0.194601579,0.548615352
1477,0.195658081,0.547869067
1478,0.197007323,0.547461325
1479,0.197903027,0.546420567
1480,0.198705514,0.546517139
1481,0.198702137,0.545280204
1482,0.198888268,0.545153923
1483,0.198933708,0.54507571
1484,0.199031382,0.545541056
1485,0.199047735,0.546215519
1486,0.199422133,0.547963387
1487,0.199437363,0.548539048
1488,0.199863416,0.550023028
1489,0.200310132,0.551485848
1490,0.200632804,0.552573379
1491,0.201031746,0.553878154
1492,0.20148109,0.555370889
1493,0.201780947,0.556433236
1494,0.202170915,0.557644198
1495,0.202592056,0.558825927
1496,0.202819903,0.559469919
1497,0.203061619,0.560010879
1498,0.20387439,0.561834221
1499,0.204199764,0.561956931
1500,0.204874819,0.562786403
1501,0.205469506,0.563174911
1502,0.206382631,0.564246114
1503,0.207167902,0.564695906
1504,0.208221762,0.56570034
1505,0.208794417,0.565418363
1506,0.209775186,0.566417292
1507,0.210429393,0.566690672
1508,0.211094004,0.567008831
1509,0.212042087,0.567973897
1510,0.213011682,0.568804558
1511,0.21369422,0.568743834
1512,0.214831404,0.569783528
1513,0.215759858,0.570173822
1514,0.216788324,0.570710532
1515,0.217760209,0.571002379
1516,0.2190708,0.572157985
1517,0.219795231,0.57181647
1518,0.221220122,0.573263349
1519,0.222246704,0.573675096
1520,0.223096891,0.57370959
1521,0.224050768,0.574151615
1522,0.225218877,0.575249913
1523,0.226234565,0.576006013
1524,0.227271814,0.576810564
1525,0.228056023,0.57696936
1526,0.228963164,0.577458867
1527,0.22969447,0.577471549
1528,0.230949035,0.578712104
1529,0.231756112,0.578718612
1530,0.23288333,0.57945873
1531,0.233843269,0.579767257
1532,0.235079149,0.5807752
1533,0.235760687,0.580380631
1534,0.236838151,0.580964134
1535,0.23758638,0.580794622
1536,0.238503596,0.581137932
1537,0.239194125,0.581002295
1538,0.239987798,0.581134501
1539,0.240853967,0.581403387
1540,0.2420298,0.582389944
1541,0.242803265,0.58239107
1542,0.243879462,0.583075852
1543,0.244818631,0.58335145
1544,0.245798527,0.58357694
1545,0.246621201,0.583400528
1546,0.247873317,0.58435677
1547,0.248429652,0.583941122
1548,0.249391864,0.584719819
1549,0.249980353,0.584632751
1550,0.250904198,0.58510995
1551,0.251506847,0.584461536
1552,0.253115769,0.585927468
1553,0.253844502,0.58536904
1554,0.255343737,0.586824683
1555,0.256127734,0.586851834
1556,0.256794027,0.586727655
1557,0.257567787,0.586898348
1558,0.258647981,0.58780142
1559,0.259007937,0.587164711
1560,0.260036575,0.58801525
1561,0.260534323,0.587496404
1562,0.261681715,0.588119142
1563,0.262769727,0.588392699
1564,0.264204054,0.589478987
1565,0.264706716,0.58878681
1566,0.265642643,0.58940088
1567,0.266115769,0.589145801
1568,0.266655111,0.589011647
1569,0.267612253,0.589626334
1570,0.268516538,0.590025303
1571,0.268916537,0.589289001
1572,0.269750691,0.589540655
1573,0.270589472,0.589861771
1574,0.271312345,0.589972204
1575,0.271909152,0.58985034
1576,0.273031539,0.590906133
1577,0.273408212,0.590449226
1578,0.27416687,0.590851182
1579,0.274746993,0.590786748
1580,0.275386314,0.590670714
1581,0.276021384,0.590398173
1582,0.277282772,0.591381407
1583,0.277754051,0.590661113
1584,0.27912884,0.591798369
1585,0.280010924,0.591824556
1586,0.280527989,0.591150112
1587,0.28158242,0.591801277
1588,0.282673372,0.592708729
1589,0.282923438,0.591978171
1590,0.284051398,0.593169366
1591,0.284554493,0.593141313
1592,0.285066222,0.593297192
1593,0.285402894,0.593085545
1594,0.286256337,0.593750979
1595,0.286716928,0.593309972
1596,0.288073821,0.594533521
1597,0.288700149,0.594169337
1598,0.289296916,0.593771836
1599,0.290310001,0.594161757
1600,0.291577111,0.595067472
1601,0.291957165,0.594305074
1602,0.292813428,0.594798324
1603,0.293352638,0.594907108
1604,0.293804292,0.594902203
1605,0.294402805,0.595056016
1606,0.295194096,0.595428656
1607,0.295751038,0.595245783
1608,0.296737305,0.59581738
1609,0.297262985,0.595316077
1610,0.298164106,0.59534385
1611,0.299094525,0.595348739
1612,0.299964603,0.595334469
1613,0.300710913,0.595284606
1614,0.30188529,0.596193392
1615,0.302316735,0.595755546
1616,0.302904319,0.595767923
1617,0.303377343,0.595760036
1618,0.304284513,0.596751162
1619,0.304538267,0.596481507
1620,0.305197519,0.596930638
1621,0.30562572,0.59692776
1622,0.306372368,0.597512735
1623,0.30675574,0.597293757
1624,0.307618367,0.59785452
1625,0.307905304,0.597164659
1626,0.308919213,0.597824572
1627,0.309499437,0.597651169
1628,0.310161628,0.597512799
1629,0.310705606,0.597125126
1630,0.311798716,0.598009772
1631,0.311657896,0.596976292
1632,0.312260386,0.597786511
1633,0.312407786,0.597903835
1634,0.312575901,0.597987374
1635,0.312820971,0.598082603
1636,0.313051276,0.598134439
1637,0.313033962,0.597602999
1638,0.313583006,0.597939095
1639,0.313819619,0.597380718
1640,0.314353307,0.59725286
1641,0.314873411,0.59717705
1642,0.315774164,0.598051629
1643,0.316072523,0.597922146
1644,0.316867893,0.598800521
1645,0.317107386,0.598634189
1646,0.317420615,0.598607547
1647,0.317804257,0.598736683
1648,0.318498749,0.599478165
1649,0.318165124,0.598302541
1650,0.318717985,0.598729214
1651,0.318834663,0.598404624
1652,0.319414267,0.599194829
1653,0.319087522,0.598690153
1654,0.31893529,0.598843993
1655,0.318614121,0.598796466
1656,0.318942449,0.599877971
1657,0.318704002,0.599875714
1658,0.318568657,0.60005756
1659,0.318502189,0.600247813
1660,0.318603486,0.600512206
1661,0.318330809,0.599818615
1662,0.318625878,0.60012117
1663,0.318424406,0.599607362
1664,0.318756463,0.600273949
1665,0.318480511,0.599882194
1666,0.31853612,0.600180102
1667,0.318309184,0.599996965
1668,0.318255669,0.600230266
1669,0.317601389,0.599374587
1670,0.317231975,0.599032694
1671,0.317200026,0.599248148
1672,0.317017592,0.599128463
1673,0.316807475,0.59897536
1674,0.316341017,0.598424722
1675,0.316338043,0.598841518
1676,0.315996318,0.598678361
1677,0.315967481,0.599154565
1678,0.315331884,0.598519415
1679,0.314983083,0.598485108
1680,0.314508185,0.598244618
1681,0.314423544,0.598750548
1682,0.313518324,0.597711985
1683,0.313499112,0.59838288
1684,0.312637863,0.597420617
1685,0.312098681,0.59699819
1686,0.311976614,0.597289045
1687,0.311938903,0.597705761
1688,0.311338413,0.597061627
1689,0.31112736,0.597199628
1690,0.310590719,0.596718327
1691,0.310476683,0.597090155
1692,0.310146223,0.597121789
1693,0.309887762,0.597336553
1694,0.309050369,0.596502288
1695,0.309163394,0.597634452
1696,0.308412467,0.597331039
1697,0.307409841,0.596792773
1698,0.306557465,0.596560495
1699,0.306134383,0.596931658
1700,0.305575125,0.596779886
1701,0.305450184,0.59731613
1702,0.304669811,0.596419055
1703,0.304173049,0.595889663
1704,0.303849825,0.595375231
1705,0.303614059,0.594970623
1706,0.30314637,0.594375063
1707,0.302960243,0.594809586
1708,0.301812985,0.59365809
1709,0.300961407,0.593153217
1710,0.300511976,0.59330279
1711,0.30038527,0.594017301
1712,0.299616569,0.59343498
1713,0.29962565,0.594375488
1714,0.299067828,0.594181204
1715,0.298665699,0.594286116
1716,0.298482644,0.594831724
1717,0.29824687,0.595287212
1718,0.297485619,0.594730084
1719,0.297354351,0.595442213
1720,0.29635882,0.594383327
1721,0.295573046,0.593651749
1722,0.295385658,0.594038329
1723,0.294737478,0.593469499
1724,0.293744507,0.592235428
1725,0.293673265,0.592925968
1726,0.293040739,0.592508612
1727,0.292566321,0.592378937
1728,0.292314403,0.592618173
1729,0.291719247,0.592094934
1730,0.290887806,0.591049141
1731,0.290644327,0.591172522
1732,0.289893544,0.590217525
1733,0.289369331,0.589676617
1734,0.289218182,0.589901684
1735,0.289036439,0.59011955
1736,0.288752057,0.590171587
1737,0.288763463,0.590854928
1738,0.288301423,0.590584425
1739,0.287727486,0.590107302
1740,0.287262313,0.589880681
1741,0.286896654,0.589855593
1742,0.286418526,0.589556443
1743,0.286323643,0.589929937
1744,0.28547099,0.588733557
1745,0.284579398,0.587602295
1746,0.284068707,0.587495557
1747,0.283364408,0.587149354
1748,0.282399021,0.586411429
1749,0.282187758,0.587396866
1750,0.281218001,0.587127341
1751,0.280245731,0.587022995
1752,0.279560015,0.587382879
1753,0.279024141,0.587704237
1754,0.278311246,0.58744448
1755,0.277734882,0.587281051
1756,0.276996477,0.586580894
1757,0.276750877,0.586589366
1758,0.277381354,0.588255747
1759,0.277130532,0.588130487
1760,0.276172125,0.586839033
1761,0.275458684,0.586353134
1762,0.274518087,0.585458302
1763,0.273663618,0.584592265
1764,0.273296133,0.584515098
1765,0.273091627,0.584661087
1766,0.273036919,0.585143979
1767,0.272955351,0.585722576
1768,0.272502104,0.585637024
1769,0.272138034,0.585791722
1770,0.271831035,0.586022375
1771,0.271305451,0.585844712
1772,0.270498366,0.585066099
1773,0.270060624,0.584812888
1774,0.269836591,0.584390013
1775,0.270140675,0.584268341
1776,0.271260806,0.585599192
1777,0.271915601,0.586299582
1778,0.271919008,0.586367119
1779,0.271899822,0.586810542
1780,0.271261048,0.585947331
1781,0.271179689,0.585972822
1782,0.271742363,0.587274181
1783,0.271790209,0.58726386
1784,0.271820311,0.586833987
1785,0.272563909,0.586992238
1786,0.27328445,0.586347521
1787,0.273752503,0.585518382
1788,0.27386606,0.585715141
1789,0.272606121,0.585338144
1790,0.271110063,0.58548378
1791,0.270191781,0.585824907
1792,0.269655807,0.584749846
1793,0.269752596,0.583463174
1794,0.270808573,0.582767267
1795,0.272386488,0.581306744
1796,0.275543906,0.579070188
1797,0.279835469,0.577213919
1798,0.28330095,0.575967221
1799,0.284504782,0.57695009
1800,0.284188425,0.580671634
1801,0.283134997,0.585021059
1802,0.283329349,0.588975378
1803,0.284251346,0.592948912
1804,0.285252482,0.595709526
1805,0.286834951,0.597572816
1806,0.290142404,0.598211237
1807,0.294516997,0.596381234
1808,0.298831402,0.594435323
1809,0.300728157,0.5937355
1810,0.299545499,0.593916512
1811,0.297074496,0.595623358
1812,0.29559,0.599390833
1813,0.295380329,0.605768902
1814,0.296424483,0.615647372
1815,0.297151492,0.622028348
1816,0.296940672,0.61965622
1817,0.296890544,0.609842014
1818,0.297079761,0.596626668
1819,0.29725,0.58425
1820,0.298303904,0.575609248
1821,0.298973596,0.566494869
1822,0.300312309,0.559885815
1823,0.302968061,0.558578135
1824,0.307763481,0.566090034
1825,0.313773825,0.575741202
1826,0.320910624,0.581149162
1827,0.331986268,0.581162277
1828,0.345177799,0.578392406
1829,0.355209422,0.574881883
1830,0.358705086,0.574898148
1831,0.3550835,0.57431299
1832,0.348270892,0.575325296
1833,0.339887861,0.576849647
1834,0.327287239,0.577152299
1835,0.311906646,0.5767282
1836,0.30022477,0.579774265
1837,0.29494613,0.586722265
1838,0.295998572,0.602356692
1839,0.300612238,0.617873774
1840,0.306554193,0.623970975
1841,0.316475581,0.621885341
1842,0.329177674,0.616474047
1843,0.338542416,0.605734568
1844,0.343918215,0.592221069
1845,0.346686927,0.573148931
1846,0.346628557,0.556028088
1847,0.342145864,0.545934255
1848,0.332269354,0.543936562
1849,0.319429112,0.545204947
1850,0.310315121,0.550254059
1851,0.30754393,0.557951239
1852,0.3083579,0.568941109
1853,0.310939053,0.578947383
1854,0.313776211,0.584001499
1855,0.315379807,0.58030269
1856,0.317315596,0.574550091
1857,0.317735694,0.567063022
1858,0.317919396,0.55964841
1859,0.316906818,0.549349275
1860,0.317252722,0.544315436
1861,0.316897131,0.54469442
1862,0.31820105,0.555373942
1863,0.31929987,0.567763316
1864,0.321606557,0.578891803
1865,0.326994135,0.586869764
1866,0.334378624,0.595196244
1867,0.335004064,0.598253069
1868,0.324408094,0.596689501
1869,0.301404438,0.586739107
1870,0.275488436,0.574511212
1871,0.256400237,0.566753277
1872,0.24268223,0.564692678
1873,0.231720944,0.56222822
1874,0.230804556,0.564646591
1875,0.244595985,0.567475264
1876,0.274164944,0.573381262
1877,0.303564773,0.579394268
1878,0.316969139,0.583147512
1879,0.309645919,0.589733716
1880,0.290695406,0.592567889
1881,0.252880473,0.538499742
1882,0.228399704,0.477855893
1883,0.232449485,0.454829599
1884,0.27386836,0.495598699
1885,0.360748016,0.630506565
1886,0.504034909,0.883415301
1887,0.596438178,1.084596557
1888,0.55534334,1.140710416
1889,0.350332503,1.041993829
1890,0.095725845,0.856361503
1891,1.45972E-13,0.561267643
1892,1.64569E-13,0.154293175
1893,0,0.007365514
1894,0,0.335546707
1895,0,0.796591954
1896,0,1.052847293
1897,0,1.23527152
1898,0,1.835493675
1899,0,3.60859E-12
1900,0,5.14283E-13
1901,0,2.59451E-13
1902,0,0.177415063
1903,0,0.382262334
1904,0,0.4917
1905,0,0.531746597
1906,0,0.585816196
1907,0.98,0.98
1908,2.339E-12,2.339E-12
1909,5.16249E-13,5.16249E-13
1910,0.061157199,0.061157199
1911,0.299238975,0.299238975
1912,0.45236474,0.45236474
1913,0.507853499,0.507853499
1914,0.522219991,0.522219991
1915,0.507832811,0.507832811
1916,0.9804,0.9804
1917,0.9797,0.9797
1918,0.9764,0.9764
1919,1.032797331,0.516398599
1920,1.024542045,0.512271155
1921,0.957993977,0.478997091
1922,0.751768461,0.375884351
1923,0.305028215,0.15251409
1924,4.52791E-13,4.52791E-13
1925,4.87554E-13,4.87554E-13
1926,4.58849E-13,4.58849E-13
1927,0.136827874,3.64017E-13
1928,0.348886818,2.6188E-13
1929,0.472133537,2.18241E-13
1930,0.583424876,0.130797604
1931,0.788313591,0.510252673
1932,0.9839,0.9839
1933,0.841116129,0.833330545
1934,0.639455368,0.567725811
1935,0.451052583,0.494357852
1936,0.223398569,0.580730626
1937,0.046936012,0.65241101
1938,1.45331E-13,0.617173045
1939,1.47493E-13,0.472723445
1940,1.50341E-13,0.342366603
1941,0.069773929,0.343548296
1942,0.197432183,0.424630754
1943,0.247003762,0.486480467
1944,0.165966026,0.501071223
1945,0.056017102,0.49795431
1946,7.49916E-14,0.488877443
1947,7.87523E-14,0.45172116
1948,8.73574E-14,0.404127663
1949,8.96312E-14,0.394140554
1950,8.61569E-14,0.430525509
1951,7.88689E-14,0.474335099
1952,0.052767655,0.514602292
1953,0.160649952,0.553274914
1954,0.216855484,0.551513657
1955,0.189931541,0.48106979
1956,0.128488529,0.383517293
1957,0.077723074,0.323380482
1958,0.03130299,0.306949043
1959,3.31494E-14,0.310968225
1960,0.01097046,0.336465644
1961,0.072210642,0.383736974
1962,0.120538987,0.419936024
1963,0.125365701,0.421651881
1964,0.109591188,0.409349651
1965,0.093230054,0.396395111
1966,0.085195191,0.396525593
1967,0.079052308,0.401110708
1968,0.077269877,0.413251235
1969,0.081033262,0.433522194
1970,0.087138765,0.458661563
1971,0.088836487,0.4681274
1972,0.085848417,0.464575625
1973,0.083143494,0.458791644
1974,0.084437171,0.454588064
1975,0.087636957,0.445252254
1976,0.091746523,0.443160658
1977,0.093871054,0.442441545
1978,0.095387851,0.444458581
1979,0.095958447,0.448252711
1980,0.095367391,0.455814764
1981,0.09336678,0.460175628
1982,0.092690948,0.465098868
1983,0.091054608,0.460864626
1984,0.090862089,0.457872108
1985,0.093786395,0.457530368
1986,0.099967926,0.459946944
1987,0.103160004,0.457297262
1988,0.101335874,0.454262875
1989,0.095647824,0.446128531
1990,0.091147184,0.441876202
1991,0.087921389,0.442332716
1992,0.08655615,0.449150474
1993,0.088782488,0.455619534
1994,0.099999078,0.475655488
1995,0.111346462,0.493762937
1996,0.110850797,0.497015466
1997,0.098401383,0.483329974
1998,0.088409091,0.471515152
1999,0.089844594,0.46676611
2000,0.099110483,0.468744552
2001,0.110374425,0.467535333
2002,0.127556472,0.468550733
2003,0.141877051,0.468630153
2004,0.141023345,0.466205026
2005,0.12369957,0.456487237
2006,0.106670545,0.452826774
2007,0.096591237,0.453287672
2008,0.091106082,0.46143338
2009,0.094890542,0.47031778
2010,0.116392497,0.48511565
2011,0.139582585,0.493756154
2012,0.146519719,0.500500889
2013,0.132954007,0.492754898
2014,0.116437418,0.483989767
2015,0.111370151,0.489858216
2016,0.111593513,0.502145245
2017,0.114892857,0.505528571
2018,0.12623501,0.509184668
2019,0.136440424,0.505296187
2020,0.137402827,0.499626846
2021,0.129944548,0.49243562
2022,0.120441313,0.485757761
2023,0.113285614,0.484484513
2024,0.10683971,0.488469779
2025,0.102863271,0.488316546
2026,0.105326977,0.489184343
2027,0.110124835,0.487100438
2028,0.114581542,0.49078776
2029,0.114370105,0.483809818
2030,0.115169827,0.483631658
2031,0.116164537,0.483788875
2032,0.117571735,0.486368461
2033,0.119774425,0.490521021
2034,0.123590639,0.495712579
2035,0.126805226,0.495135439
2036,0.129375684,0.497258536
2037,0.127692524,0.490430693
2038,0.124625107,0.483223091
2039,0.121647219,0.481553233
2040,0.117098794,0.48313163
2041,0.113577788,0.484176637
2042,0.1162446,0.490009958
2043,0.122012024,0.492929498
2044,0.127103959,0.49682119
2045,0.129292028,0.496568548
2046,0.129934305,0.494804364
2047,0.127267285,0.490075006
2048,0.12211546,0.492096987
2049,0.116857099,0.491568734
2050,0.119876082,0.497736726
2051,0.129292482,0.508926233
2052,0.135943662,0.516585915
2053,0.131908114,0.506355669
2054,0.126418425,0.49956121
2055,0.122452214,0.491720071
2056,0.122728189,0.495308403
2057,0.12403558,0.49811504
2058,0.128628403,0.502821858
2059,0.133615867,0.499274091
2060,0.13543662,0.501115493
2061,0.125995602,0.498609303
2062,0.112996478,0.497925309
2063,0.105821408,0.498717637
2064,0.104655834,0.50550473
2065,0.106344434,0.509485161
2066,0.113141316,0.513998254
2067,0.122706657,0.51098336
2068,0.12752342,0.510075958
2069,0.120916676,0.505210372
2070,0.111693917,0.500196406
2071,0.108888513,0.492551826
2072,0.115070934,0.49405622
2073,0.121682802,0.492714545
2074,0.128188491,0.500624424
2075,0.135153804,0.513868268
2076,0.138071099,0.520596612
2077,0.132669037,0.511405809
2078,0.126567987,0.503204493
2079,0.125324923,0.498825562
2080,0.130016262,0.50332693
2081,0.134556658,0.508195761
2082,0.135395816,0.510159395
2083,0.133653763,0.508348542
2084,0.13221801,0.510145697
2085,0.127551295,0.503179306
2086,0.122698554,0.496234817
2087,0.120660343,0.496356546
2088,0.120539145,0.501294455
2089,0.119735072,0.499091043
2090,0.123131838,0.507403112
2091,0.125909318,0.508979707
2092,0.127990707,0.51041388
2093,0.129428443,0.512282877
2094,0.131117853,0.515806926
2095,0.131490159,0.513937296
2096,0.134777446,0.523818069
2097,0.135614286,0.521593407
2098,0.138595918,0.520461679
2099,0.14185239,0.519677455
2100,0.141476873,0.516678117
2101,0.136081815,0.507983568
2102,0.131996843,0.505432867
2103,0.130163637,0.50310879
2104,0.130310197,0.503669212
2105,0.132086216,0.507614476
2106,0.135599726,0.513539916
2107,0.138817797,0.517611542
2108,0.140946546,0.52364499
2109,0.138095182,0.517141491
2110,0.135004508,0.508866944
2111,0.135564855,0.509848955
2112,0.13750385,0.513124825
2113,0.139117098,0.509957543
2114,0.144354557,0.51025178
2115,0.147968353,0.508407988
2116,0.147860387,0.511162092
2117,0.145393233,0.518514933
2118,0.142551724,0.526344828
2119,0.136757413,0.524090201
2120,0.132151909,0.52454167
2121,0.130822234,0.520999848
2122,0.134502779,0.517493727
2123,0.13758972,0.510303578
2124,0.139491786,0.508960836
2125,0.139159721,0.503908837
2126,0.14061683,0.5086211
2127,0.138328293,0.50587092
2128,0.137477243,0.507948314
2129,0.140000808,0.512003932
2130,0.144632354,0.514875188
2131,0.146595556,0.513084444
2132,0.145313592,0.513698551
2133,0.141955332,0.511506602
2134,0.142283406,0.512784629
2135,0.146458153,0.518467616
2136,0.152191163,0.523533331
2137,0.160159813,0.525298605
2138,0.170702292,0.531407788
2139,0.173357194,0.531538698
2140,0.167317272,0.528675972
2141,0.158932278,0.526795712
2142,0.149171918,0.518402795
2143,0.138586399,0.509247588
2144,0.135845064,0.50865756
2145,0.144319563,0.508047506
2146,0.156121365,0.509907098
2147,0.159608871,0.515533369
2148,0.152271806,0.515449337
2149,0.14326965,0.511686239
2150,0.14192947,0.519733562
2151,0.142202773,0.526818854
2152,0.143080167,0.52926629
2153,0.14603201,0.531289751
2154,0.14922377,0.531111787
2155,0.14989198,0.521750012
2156,0.153177206,0.520277003
2157,0.155398963,0.518966541
2158,0.155594877,0.515429925
2159,0.155286364,0.513984754
2160,0.153876172,0.513200362
2161,0.15273679,0.517832488
2162,0.149602505,0.51916085
2163,0.144451829,0.521486733
2164,0.139002658,0.522496376
2165,0.136760857,0.518283563
2166,0.138876834,0.514085089
2167,0.141927661,0.508439335
2168,0.14658766,0.505274702
2169,0.150813345,0.49931533
2170,0.153450644,0.496185406
2171,0.15479224,0.4963287
2172,0.15607118,0.500876777
2173,0.155199447,0.504246228
2174,0.154595909,0.513052619
2175,0.153952725,0.513814959
2176,0.157075262,0.515684961
2177,0.16162843,0.520512735
2178,0.1625649,0.519794801
2179,0.160000516,0.511286953
2180,0.159087756,0.508846423
2181,0.157103108,0.503550851
2182,0.157022999,0.504934156
2183,0.156722396,0.504928112
2184,0.157166735,0.506534826
2185,0.156826625,0.510172872
2186,0.153904127,0.515286366
2187,0.149340222,0.516235827
2188,0.147153591,0.515438876
2189,0.146424532,0.512656638
2190,0.147502447,0.510507249
2191,0.151288454,0.509371725
2192,0.157930423,0.513585627
2193,0.162301861,0.51519017
2194,0.164586715,0.513461087
2195,0.166459404,0.514794688
2196,0.164090335,0.510615153
2197,0.160102113,0.505102217
2198,0.160683462,0.509579056
2199,0.16105616,0.508239352
2200,0.161252387,0.507075014
2201,0.16052901,0.508629302
2202,0.159460766,0.510938341
2203,0.158990872,0.509564279
2204,0.160502186,0.508260421
2205,0.161353745,0.504456668
2206,0.162636116,0.504111339
2207,0.16332071,0.502933861
2208,0.162254201,0.499126598
2209,0.161480094,0.49950755
2210,0.159803391,0.498724561
2211,0.157147568,0.496313688
2212,0.155901994,0.499342095
2213,0.156069342,0.501648226
2214,0.156954088,0.499223034
2215,0.158089232,0.495734301
2216,0.15952903,0.494660971
2217,0.16052825,0.492391693
2218,0.162665267,0.494547817
2219,0.165227478,0.498903781
2220,0.167253038,0.502488168
2221,0.169789158,0.507500594
2222,0.173449341,0.516657669
2223,0.173712984,0.522166752
2224,0.171520599,0.529440631
2225,0.168191322,0.535152635
2226,0.164367785,0.536031177
2227,0.160788015,0.535719321
2228,0.158866579,0.533306691
2229,0.158885411,0.528299833
2230,0.160097521,0.523177351
2231,0.162017654,0.518636518
2232,0.164476509,0.513385436
2233,0.166524981,0.509462562
2234,0.169259522,0.509751892
2235,0.170824684,0.510821512
2236,0.169800219,0.512739561
2237,0.167279033,0.516158833
2238,0.164258323,0.515164126
2239,0.161219857,0.510991041
2240,0.160178212,0.510757197
2241,0.159284806,0.506590189
2242,0.158881903,0.500943326
2243,0.158267482,0.498448547
2244,0.155586547,0.495140441
2245,0.153243775,0.493089735
2246,0.152902368,0.493301648
2247,0.152335731,0.49059177
2248,0.153044229,0.491659815
2249,0.155638349,0.497366868
2250,0.156217713,0.499459575
2251,0.153020563,0.49754285
2252,0.149162723,0.497202674
2253,0.147071853,0.495697649
2254,0.147304924,0.492943262
2255,0.148033681,0.493910608
2256,0.144293377,0.490007371
2257,0.138924605,0.485594479
2258,0.134644975,0.484927391
2259,0.129912764,0.484775676
2260,0.127347379,0.486187452
2261,0.129414772,0.490082449
2262,0.133778129,0.495952457
2263,0.137398687,0.503234162
2264,0.140653276,0.510941779
2265,0.142077649,0.515546945
2266,0.141102994,0.519818894
2267,0.139798825,0.52276708
2268,0.141085924,0.520456324
2269,0.145195058,0.516386902
2270,0.146767136,0.509815227
2271,0.145682158,0.50329131
2272,0.143600371,0.499232126
2273,0.138639814,0.494151384
2274,0.131492835,0.488929089
2275,0.128582843,0.485856228
2276,0.131844178,0.486566725
2277,0.136075337,0.487874362
2278,0.138354386,0.488760556
2279,0.138935078,0.487130711
2280,0.135871359,0.483314082
2281,0.128649149,0.479612366
2282,0.123775565,0.479416393
2283,0.125438603,0.48068475
2284,0.129337107,0.479449261
2285,0.131448599,0.476499839
2286,0.131546477,0.468759671
2287,0.131699645,0.464992543
2288,0.128725456,0.459279797
2289,0.126070161,0.4543728
2290,0.131696679,0.461580876
2291,0.141527233,0.468094392
2292,0.14539594,0.466733322
2293,0.144860565,0.469070317
2294,0.142138121,0.474678298
2295,0.134361645,0.474699251
2296,0.12436028,0.476257082
2297,0.118805406,0.481059098
2298,0.117297613,0.481783706
2299,0.117562442,0.484590665
2300,0.116404612,0.485751441
2301,0.113851434,0.480305078
2302,0.11238472,0.47659896
2303,0.11118059,0.472920253
2304,0.112712118,0.468511126
2305,0.122402115,0.473082705
2306,0.132246867,0.477042329
2307,0.134524703,0.476794368
2308,0.130936018,0.470540296
2309,0.126411018,0.466177176
2310,0.118130126,0.458829993
2311,0.111408624,0.453264472
2312,0.113622071,0.453859282
2313,0.120295173,0.453338637
2314,0.125356123,0.452382827
2315,0.130452463,0.457534768
2316,0.135210756,0.461654346
2317,0.14154196,0.468455351
2318,0.148088842,0.47611614
2319,0.154088212,0.485540599
2320,0.159474558,0.496137085
2321,0.158680195,0.499006269
2322,0.151510785,0.49865889
2323,0.143509028,0.500107963
2324,0.133606901,0.491227364
2325,0.123036834,0.477083188
2326,0.12073399,0.473035855
2327,0.126754823,0.475224999
2328,0.129379433,0.466972094
2329,0.128986304,0.462904519
2330,0.127977917,0.462432743
2331,0.127140109,0.464363853
2332,0.126223768,0.469062427
2333,0.124366085,0.471495467
2334,0.123364931,0.476785219
2335,0.120643991,0.478683276
2336,0.114625106,0.478221144
2337,0.106059064,0.47189878
2338,0.099451744,0.459362785
2339,0.094604567,0.440716281
2340,0.092253299,0.421012094
2341,0.100461297,0.425438063
2342,0.109916796,0.436924333
2343,0.107345791,0.437029646
2344,0.096559333,0.431218554
2345,0.089134792,0.433094984
2346,0.082954242,0.434450998
2347,0.083795687,0.445113896
2348,0.099283211,0.467441415
2349,0.119076472,0.489216655
2350,0.127136484,0.49725336
2351,0.125603096,0.491964458
2352,0.124524049,0.480665043
2353,0.127690571,0.468898255
2354,0.131138427,0.456786608
2355,0.133874516,0.447808442
2356,0.135766105,0.440303006
2357,0.136627446,0.439062437
2358,0.134953127,0.438491497
2359,0.132157696,0.439887455
2360,0.127361635,0.444197097
2361,0.119629078,0.439535817
2362,0.116389473,0.437654091
2363,0.115434421,0.43682491
2364,0.112148508,0.431632163
2365,0.110206143,0.43977018
2366,0.112412995,0.450554614
2367,0.119379429,0.451628015
2368,0.129717791,0.454978825
2369,0.141542336,0.463076612
2370,0.149708112,0.456178797
2371,0.151836466,0.449506578
2372,0.146006231,0.44271543
2373,0.140555303,0.437695886
2374,0.142691085,0.439618963
2375,0.148336658,0.450636392
2376,0.143777144,0.442921194
2377,0.13810954,0.441522692
2378,0.127384723,0.436659111
2379,0.110064892,0.427763075
2380,0.097851081,0.433196161
2381,0.091763575,0.433825844
2382,0.088721378,0.434064062
2383,0.083286633,0.440588659
2384,0.075930905,0.441770213
2385,0.084426398,0.442447173
2386,0.113482779,0.448835715
2387,0.140519097,0.458149907
2388,0.154956056,0.468986188
2389,0.163137001,0.486287161
2390,0.156734484,0.500592847
2391,0.138333323,0.510154733
2392,0.133867311,0.499928381
2393,0.14985497,0.479804275
2394,0.155066981,0.452200581
2395,0.144823014,0.430641304
2396,0.128386018,0.415785123
2397,0.103927461,0.408087848
2398,0.073323603,0.404535838
2399,0.053257938,0.395124424
2400,0.04088525,0.357583276
2401,0.040477088,0.330705153
2402,0.058330827,0.320582447
2403,0.08367392,0.318363447
2404,0.105557284,0.32244505
2405,0.128095631,0.332271964
2406,0.145895946,0.335420131
2407,0.16234759,0.341583137
2408,0.179282501,0.343016653
2409,0.196945131,0.334729941
2410,0.216049631,0.330739555
2411,0.236824804,0.336424954
2412,0.24413087,0.340559707
2413,0.220598902,0.350125389
2414,0.168784697,0.354822543
2415,0.131700919,0.366517156
2416,0.107494771,0.383866839
2417,0.090513937,0.391816758
2418,0.076158084,0.363087474
2419,0.066586043,0.330545055
2420,0.068154057,0.349921248
2421,0.074537742,0.38342249
2422,0.083056922,0.425161702
2423,0.09576075,0.484756171
2424,0.098137129,0.493190593
2425,0.089524097,0.453532439
2426,0.07865609,0.396298687
2427,0.080307513,0.382304087
2428,0.087389111,0.380697423
2429,0.100523413,0.388336284
2430,0.116334426,0.396076819
2431,0.120943545,0.406716607
2432,0.103237345,0.404081853
2433,0.086739248,0.390646174
2434,0.084659745,0.358439995
2435,0.090447885,0.327213937
2436,0.101646471,0.309513229
2437,0.122148502,0.316277114
2438,0.133761275,0.317195113
2439,0.139881667,0.317371322
2440,0.143185219,0.340341772
2441,0.133140096,0.390020023
2442,0.127431466,0.458543671
2443,0.134041902,0.505330684
2444,0.147385628,0.549669181
2445,0.143501439,0.539403982
2446,0.127911379,0.487641668
2447,0.10420602,0.433408547
2448,0.065417127,0.355930063
2449,0.042764758,0.322795689
2450,0.04797581,0.353815125
2451,0.05438275,0.387465886
2452,0.043471731,0.390845213
2453,0.020465648,0.36696602
2454,3.24936E-14,0.323638522
2455,2.95953E-14,0.268109034
2456,2.83309E-14,0.236981291
2457,2.71789E-14,0.21499323
2458,2.66005E-14,0.199652788
2459,2.64038E-14,0.186838241
2460,2.67068E-14,0.179412015
2461,2.63934E-14,0.17050129
2462,0.00440371,0.173720423
2463,0.037836411,0.187848268
2464,0.070721185,0.214023997
2465,0.083573594,0.225313112
2466,0.06137213,0.198662609
2467,0.068641726,0.168128368
2468,0.125669323,0.110710679
2469,0.184808805,0.067053566
2470,0.235516116,0.070521043
2471,0.284240917,0.08743115
2472,0.297824582,0.074796591
2473,0.320808492,0.046363424
2474,0.390817081,5.34623E-14
2475,0.531366949,5.92142E-14
2476,0.628944249,6.12146E-14
2477,0.574764759,5.16595E-14
2478,0.530114041,4.76152E-14
2479,0.505379846,5.32819E-14
2480,0.465235939,5.9638E-14
2481,0.445645552,5.8426E-14
2482,0.455926159,0.002729463
2483,0.511836115,0.080727559
2484,0.566531555,0.135471819
2485,0.68464685,0.211046146
2486,0.995037917,0.38721305
2487,1.378592807,0.661581346
2488,0.933543405,0.566713637
2489,0.633054458,0.462145554
2490,0.542927873,0.398210121
2491,0.51410016,0.35935253
2492,0.453474874,0.319804226
2493,0.323990266,0.246785345
2494,0.173138553,0.197116348
2495,0.039968651,0.180980144
2496,0.042099849,0.182278671
2497,0.155679972,0.203722814
2498,0.252083093,0.247826751
2499,0.305209097,0.29936674
2500,0.370218234,0.370218234
